ID,Start time,Completion time,Email,Name,Last modified time,Provided ID,Occupation,Educational Background,Which one did you test ?,1. The links and buttons at the top of the page in the navigation menu are clear and readable.,2. It is easy to navigate the site using only a keyboard (without a mouse).,3. The text and buttons on the product cards are easy to read.,"4. I receive a small, modern notification when adding or removing an item from the cart.",5. I notice the product is duplicated in the cart after adding it twice.,"6. When I fill out a form incorrectly, I receive meaningful error messages.",7. I experienced smooth and fluid scrolling while browsing the product list on the Home and Sales pages.  ,"8. The mouse cursor changes to a hand icon when hovering over links and buttons, making it clear they are clickable.",9. The checkboxes were appropriately sized and easy to click.,10.  The search results update instantly as I type.,11. The website's background makes it easy to maintain visual focus on the products.,12. Product images fit their frames proportionally without unnecessary white space.,13. The system responds immediately when applying filters on products.,14. The system responds immediately when sorting products by category.,"15. Overall, the application feels modern and responsive."
12,04/06/2026 10:38:20,04/06/2026 10:42:25,anonymous,,,Std01,Student,Software Engineering ,Shop,2. Disagree ,2. Disagree ,2. Disagree ,1. Strongly Disagree ,1. Strongly Disagree ,1. Strongly Disagree ,2. Disagree ,1. Strongly Disagree ,1. Strongly Disagree ,1. Strongly Disagree ,2. Disagree ,1. Strongly Disagree ,1. Strongly Disagree ,1. Strongly Disagree ,1. Strongly Disagree 
13,04/06/2026 10:42:43,04/06/2026 10:44:47,anonymous,,,Std01,Student,Software Engineering ,Ecommerce,5. Strongly Agree,4. Agree,5. Strongly Agree,5. Strongly Agree,5. Strongly Agree,5. Strongly Agree,5. Strongly Agree,5. Strongly Agree,5. Strongly Agree,5. Strongly Agree,4. Agree,5. Strongly Agree,5. Strongly Agree,5. Strongly Agree,5. Strongly Agree
14,04/06/2026 11:17:44,04/06/2026 11:22:09,anonymous,,,Std02,Student,Civil AI,Shop,3. Neutral,3. Neutral,2. Disagree ,2. Disagree ,4. Agree,3. Neutral,3. Neutral,2. Disagree ,1. Strongly Disagree ,3. Neutral,2. Disagree ,2. Disagree ,3. Neutral,3. Neutral,2. Disagree 
15,04/06/2026 11:24:35,04/06/2026 11:27:15,anonymous,,,std02,Student ,Civil AI,Ecommerce,5. Strongly Agree,4. Agree,5. Strongly Agree,5. Strongly Agree,5. Strongly Agree,5. Strongly Agree,4. Agree,4. Agree,5. Strongly Agree,4. Agree,4. Agree,4. Agree,4. Agree,4. Agree,4. Agree
16,04/06/2026 11:29:32,04/06/2026 11:34:34,anonymous,,,Std03,Student ,Industriell economic ,Shop,2. Disagree ,4. Agree,2. Disagree ,5. Strongly Agree,5. Strongly Agree,3. Neutral,4. Agree,3. Neutral,2. Disagree ,4. Agree,2. Disagree ,4. Agree,4. Agree,4. Agree,2. Disagree 
17,04/06/2026 11:29:34,04/06/2026 11:35:08,anonymous,,,Std04,Student,Industrial economics,Shop,3. Neutral,4. Agree,3. Neutral,3. Neutral,3. Neutral,4. Agree,4. Agree,2. Disagree ,2. Disagree ,5. Strongly Agree,2. Disagree ,3. Neutral,4. Agree,4. Agree,1. Strongly Disagree 
18,04/06/2026 11:34:40,04/06/2026 11:38:06,anonymous,,,Std03,Student,Industrial economics ,Ecommerce,4. Agree,5. Strongly Agree,5. Strongly Agree,5. Strongly Agree,5. Strongly Agree,3. Neutral,5. Strongly Agree,5. Strongly Agree,5. Strongly Agree,5. Strongly Agree,5. Strongly Agree,4. Agree,5. Strongly Agree,5. Strongly Agree,4. Agree
19,04/06/2026 11:35:11,04/06/2026 11:38:16,anonymous,,,Std04,Student ,Industrial economics,Ecommerce,5. Strongly Agree,2. Disagree ,5. Strongly Agree,4. Agree,5. Strongly Agree,5. Strongly Agree,5. Strongly Agree,5. Strongly Agree,5. Strongly Agree,5. Strongly Agree,5. Strongly Agree,5. Strongly Agree,5. Strongly Agree,5. Strongly Agree,5. Strongly Agree
20,04/06/2026 11:39:38,04/06/2026 11:44:50,anonymous,,,STD05,Student ,Software Engineer,Shop,1. Strongly Disagree ,2. Disagree ,1. Strongly Disagree ,2. Disagree ,1. Strongly Disagree ,1. Strongly Disagree ,1. Strongly Disagree ,1. Strongly Disagree ,1. Strongly Disagree ,2. Disagree ,1. Strongly Disagree ,1. Strongly Disagree ,1. Strongly Disagree ,2. Disagree ,1. Strongly Disagree 
21,04/06/2026 11:46:19,04/06/2026 11:49:10,anonymous,,,STD05,Student,Student ,Ecommerce,4. Agree,3. Neutral,5. Strongly Agree,3. Neutral,5. Strongly Agree,5. Strongly Agree,5. Strongly Agree,5. Strongly Agree,5. Strongly Agree,5. Strongly Agree,4. Agree,4. Agree,5. Strongly Agree,5. Strongly Agree,4. Agree
22,04/06/2026 11:55:31,04/06/2026 12:01:52,anonymous,,,Std06,Student,University,Shop,2. Disagree ,3. Neutral,3. Neutral,3. Neutral,5. Strongly Agree,1. Strongly Disagree ,5. Strongly Agree,1. Strongly Disagree ,2. Disagree ,3. Neutral,4. Agree,2. Disagree ,2. Disagree ,2. Disagree ,3. Neutral
23,04/06/2026 12:02:21,04/06/2026 12:06:28,anonymous,,,Std06,Student,University ,Ecommerce,5. Strongly Agree,4. Agree,5. Strongly Agree,3. Neutral,5. Strongly Agree,2. Disagree ,5. Strongly Agree,5. Strongly Agree,4. Agree,3. Neutral,4. Agree,5. Strongly Agree,5. Strongly Agree,5. Strongly Agree,4. Agree
24,04/06/2026 12:22:50,04/06/2026 12:32:09,anonymous,,,Std 07,Unemployed,Software Engineering,Shop,1. Strongly Disagree ,1. Strongly Disagree ,2. Disagree ,1. Strongly Disagree ,5. Strongly Agree,1. Strongly Disagree ,4. Agree,1. Strongly Disagree ,1. Strongly Disagree ,3. Neutral,5. Strongly Agree,2. Disagree ,4. Agree,3. Neutral,1. Strongly Disagree 
25,04/06/2026 12:32:13,04/06/2026 12:37:59,anonymous,,,Std 07,Unemployed ,Software Engineering ,Ecommerce,3. Neutral,5. Strongly Agree,5. Strongly Agree,2. Disagree ,4. Agree,1. Strongly Disagree ,5. Strongly Agree,5. Strongly Agree,4. Agree,4. Agree,5. Strongly Agree,2. Disagree ,5. Strongly Agree,4. Agree,4. Agree
26,04/06/2026 12:40:17,04/06/2026 12:46:05,anonymous,,,Std08,Software student ,Software engineering ,Shop,2. Disagree ,4. Agree,4. Agree,4. Agree,3. Neutral,3. Neutral,4. Agree,1. Strongly Disagree ,2. Disagree ,5. Strongly Agree,4. Agree,3. Neutral,4. Agree,5. Strongly Agree,3. Neutral
27,04/06/2026 12:46:36,04/06/2026 12:50:23,anonymous,,,Std08,Software student ,Software engineering ,Ecommerce,4. Agree,4. Agree,4. Agree,5. Strongly Agree,4. Agree,3. Neutral,4. Agree,4. Agree,3. Neutral,4. Agree,4. Agree,5. Strongly Agree,4. Agree,4. Agree,3. Neutral
28,04/06/2026 12:52:06,04/06/2026 12:56:19,anonymous,,,Std09,Student,Software engineer ,Shop,2. Disagree ,4. Agree,4. Agree,4. Agree,4. Agree,3. Neutral,4. Agree,2. Disagree ,2. Disagree ,2. Disagree ,4. Agree,2. Disagree ,3. Neutral,4. Agree,4. Agree
29,04/06/2026 12:56:31,04/06/2026 12:58:59,anonymous,,,Std09,Student ,Software engineer ,Ecommerce,5. Strongly Agree,4. Agree,4. Agree,4. Agree,4. Agree,3. Neutral,4. Agree,4. Agree,4. Agree,4. Agree,4. Agree,4. Agree,4. Agree,4. Agree,5. Strongly Agree
30,04/06/2026 13:00:24,04/06/2026 13:06:28,anonymous,,,Std10,Student,Software engineer 2nd year,Shop,2. Disagree ,1. Strongly Disagree ,2. Disagree ,3. Neutral,2. Disagree ,2. Disagree ,4. Agree,1. Strongly Disagree ,2. Disagree ,5. Strongly Agree,2. Disagree ,1. Strongly Disagree ,4. Agree,2. Disagree ,2. Disagree 
31,04/06/2026 13:06:33,04/06/2026 13:10:50,anonymous,,,Std10,Student ,Software engineer 2nd year,Ecommerce,5. Strongly Agree,4. Agree,4. Agree,4. Agree,4. Agree,4. Agree,4. Agree,4. Agree,5. Strongly Agree,5. Strongly Agree,5. Strongly Agree,5. Strongly Agree,5. Strongly Agree,4. Agree,4. Agree
32,04/06/2026 13:42:57,04/06/2026 13:48:50,anonymous,,,Std11,Student,Maskinteknik ,Shop,2. Disagree ,2. Disagree ,2. Disagree ,1. Strongly Disagree ,5. Strongly Agree,1. Strongly Disagree ,2. Disagree ,3. Neutral,2. Disagree ,2. Disagree ,3. Neutral,3. Neutral,1. Strongly Disagree ,1. Strongly Disagree ,1. Strongly Disagree 
33,04/06/2026 13:49:22,04/06/2026 13:53:13,anonymous,,,Std11,Student ,Maskinteknik ,Ecommerce,2. Disagree ,3. Neutral,4. Agree,2. Disagree ,1. Strongly Disagree ,1. Strongly Disagree ,3. Neutral,4. Agree,4. Agree,3. Neutral,4. Agree,3. Neutral,2. Disagree ,3. Neutral,3. Neutral
34,04/06/2026 13:50:41,04/06/2026 14:02:13,anonymous,,,Std13,Student,Spatial planning ,Shop,3. Neutral,5. Strongly Agree,4. Agree,4. Agree,5. Strongly Agree,2. Disagree ,3. Neutral,1. Strongly Disagree ,3. Neutral,5. Strongly Agree,5. Strongly Agree,2. Disagree ,1. Strongly Disagree ,1. Strongly Disagree ,4. Agree
35,04/06/2026 13:50:45,04/06/2026 14:02:14,anonymous,,,Std 12,Student,Architecture,Shop,3. Neutral,5. Strongly Agree,4. Agree,2. Disagree ,4. Agree,2. Disagree ,5. Strongly Agree,1. Strongly Disagree ,2. Disagree ,5. Strongly Agree,5. Strongly Agree,2. Disagree ,5. Strongly Agree,1. Strongly Disagree ,4. Agree
36,04/06/2026 13:50:53,04/06/2026 14:02:28,anonymous,,,std 14,Student,Urban planning ,Shop,3. Neutral,5. Strongly Agree,4. Agree,4. Agree,4. Agree,4. Agree,3. Neutral,1. Strongly Disagree ,4. Agree,5. Strongly Agree,4. Agree,2. Disagree ,4. Agree,1. Strongly Disagree ,3. Neutral
37,04/06/2026 14:02:45,04/06/2026 14:06:35,anonymous,,,std 14,Student ,Urban planning ,Ecommerce,5. Strongly Agree,5. Strongly Agree,4. Agree,4. Agree,5. Strongly Agree,4. Agree,5. Strongly Agree,5. Strongly Agree,5. Strongly Agree,5. Strongly Agree,5. Strongly Agree,5. Strongly Agree,5. Strongly Agree,4. Agree,5. Strongly Agree
38,04/06/2026 14:03:11,04/06/2026 14:06:35,anonymous,,,std 13,Student ,Spatial planning ,Ecommerce,5. Strongly Agree,5. Strongly Agree,5. Strongly Agree,5. Strongly Agree,5. Strongly Agree,5. Strongly Agree,5. Strongly Agree,5. Strongly Agree,4. Agree,5. Strongly Agree,4. Agree,5. Strongly Agree,5. Strongly Agree,5. Strongly Agree,4. Agree
39,04/06/2026 14:02:26,04/06/2026 14:06:37,anonymous,,,std 12,Student,Architecture,Ecommerce,5. Strongly Agree,5. Strongly Agree,5. Strongly Agree,5. Strongly Agree,5. Strongly Agree,5. Strongly Agree,5. Strongly Agree,5. Strongly Agree,5. Strongly Agree,5. Strongly Agree,5. Strongly Agree,5. Strongly Agree,5. Strongly Agree,5. Strongly Agree,5. Strongly Agree
41,04/06/2026 14:07:21,04/06/2026 14:18:07,anonymous,,,STD15,Sweden,Sjuksköterska,Shop,3. Neutral,4. Agree,4. Agree,4. Agree,4. Agree,3. Neutral,3. Neutral,3. Neutral,3. Neutral,3. Neutral,3. Neutral,3. Neutral,3. Neutral,3. Neutral,3. Neutral
43,04/06/2026 14:18:29,04/06/2026 14:20:02,anonymous,,,STD15,Sweden,Sjuksköterskestudent,Ecommerce,4. Agree,4. Agree,4. Agree,3. Neutral,3. Neutral,3. Neutral,3. Neutral,3. Neutral,3. Neutral,3. Neutral,3. Neutral,3. Neutral,3. Neutral,3. Neutral,3. Neutral
44,04/06/2026 14:21:32,04/06/2026 14:30:27,anonymous,,,STD17,Student,Masters in computer science,Shop,2. Disagree ,4. Agree,5. Strongly Agree,5. Strongly Agree,5. Strongly Agree,1. Strongly Disagree ,2. Disagree ,1. Strongly Disagree ,4. Agree,5. Strongly Agree,2. Disagree ,2. Disagree ,1. Strongly Disagree ,5. Strongly Agree,2. Disagree 
45,04/06/2026 14:21:37,04/06/2026 14:30:28,anonymous,,,Std18,Student,Software engineering,Shop,3. Neutral,4. Agree,5. Strongly Agree,5. Strongly Agree,5. Strongly Agree,1. Strongly Disagree ,2. Disagree ,1. Strongly Disagree ,3. Neutral,4. Agree,2. Disagree ,3. Neutral,5. Strongly Agree,2. Disagree ,4. Agree
46,04/06/2026 14:30:36,04/06/2026 14:34:36,anonymous,,,Std18,Student,Software engineering,Ecommerce,5. Strongly Agree,4. Agree,5. Strongly Agree,5. Strongly Agree,2. Disagree ,5. Strongly Agree,4. Agree,4. Agree,5. Strongly Agree,5. Strongly Agree,4. Agree,4. Agree,5. Strongly Agree,5. Strongly Agree,5. Strongly Agree
47,04/06/2026 14:30:33,04/06/2026 14:34:41,anonymous,,,STD17,Student,Masters in computer science,Ecommerce,5. Strongly Agree,5. Strongly Agree,5. Strongly Agree,5. Strongly Agree,1. Strongly Disagree ,5. Strongly Agree,4. Agree,5. Strongly Agree,5. Strongly Agree,5. Strongly Agree,3. Neutral,4. Agree,5. Strongly Agree,5. Strongly Agree,4. Agree
48,04/06/2026 15:20:24,04/06/2026 15:26:05,anonymous,,,std20,Student ,software engineer ,Shop,3. Neutral,1. Strongly Disagree ,2. Disagree ,2. Disagree ,3. Neutral,1. Strongly Disagree ,1. Strongly Disagree ,1. Strongly Disagree ,3. Neutral,3. Neutral,2. Disagree ,1. Strongly Disagree ,1. Strongly Disagree ,2. Disagree ,2. Disagree 
49,04/06/2026 15:20:27,04/06/2026 15:27:07,anonymous,,,Std19,Student,Master of science in cyber security ,Shop,4. Agree,3. Neutral,2. Disagree ,3. Neutral,4. Agree,2. Disagree ,2. Disagree ,1. Strongly Disagree ,2. Disagree ,2. Disagree ,3. Neutral,4. Agree,2. Disagree ,2. Disagree ,2. Disagree 
50,04/06/2026 15:26:10,04/06/2026 15:30:35,anonymous,,,std20 ,student ,software engineer ,Ecommerce,4. Agree,3. Neutral,4. Agree,4. Agree,3. Neutral,4. Agree,4. Agree,5. Strongly Agree,4. Agree,3. Neutral,5. Strongly Agree,4. Agree,4. Agree,3. Neutral,4. Agree
51,04/06/2026 15:27:09,04/06/2026 15:30:38,anonymous,,,Std19,Student,Master of science in cyber security ,Ecommerce,4. Agree,4. Agree,5. Strongly Agree,4. Agree,5. Strongly Agree,5. Strongly Agree,5. Strongly Agree,5. Strongly Agree,4. Agree,4. Agree,4. Agree,4. Agree,4. Agree,4. Agree,5. Strongly Agree
52,04/06/2026 15:38:31,04/06/2026 15:45:04,anonymous,,,Std21,Student ,AI,Shop,1. Strongly Disagree ,3. Neutral,1. Strongly Disagree ,2. Disagree ,2. Disagree ,3. Neutral,2. Disagree ,1. Strongly Disagree ,1. Strongly Disagree ,4. Agree,2. Disagree ,2. Disagree ,3. Neutral,5. Strongly Agree,2. Disagree 
53,04/06/2026 15:38:15,04/06/2026 15:45:24,anonymous,,,Std22,Student,Software engineering ,Shop,1. Strongly Disagree ,2. Disagree ,2. Disagree ,1. Strongly Disagree ,4. Agree,3. Neutral,4. Agree,1. Strongly Disagree ,1. Strongly Disagree ,4. Agree,4. Agree,3. Neutral,3. Neutral,2. Disagree ,2. Disagree 
54,04/06/2026 15:45:31,04/06/2026 15:47:50,anonymous,,,Std22,Student,Software engineering,Ecommerce,5. Strongly Agree,5. Strongly Agree,4. Agree,5. Strongly Agree,1. Strongly Disagree ,3. Neutral,4. Agree,5. Strongly Agree,5. Strongly Agree,5. Strongly Agree,5. Strongly Agree,5. Strongly Agree,4. Agree,4. Agree,4. Agree
55,04/06/2026 15:45:22,04/06/2026 15:47:52,anonymous,,,Std21,Student,AI,Ecommerce,5. Strongly Agree,2. Disagree ,3. Neutral,3. Neutral,1. Strongly Disagree ,4. Agree,3. Neutral,4. Agree,3. Neutral,4. Agree,4. Agree,5. Strongly Agree,4. Agree,4. Agree,3. Neutral
56,04/06/2026 15:48:38,04/06/2026 15:54:43,anonymous,,,STD23,Student,Sjuksköterskeprogrammet ,Shop,5. Strongly Agree,5. Strongly Agree,4. Agree,5. Strongly Agree,1. Strongly Disagree ,3. Neutral,5. Strongly Agree,1. Strongly Disagree ,3. Neutral,3. Neutral,5. Strongly Agree,4. Agree,5. Strongly Agree,5. Strongly Agree,5. Strongly Agree
57,04/06/2026 15:54:47,04/06/2026 15:57:03,anonymous,,,STD23,Student ,Sjuksköterskeprogrammet,Ecommerce,5. Strongly Agree,4. Agree,5. Strongly Agree,5. Strongly Agree,1. Strongly Disagree ,3. Neutral,5. Strongly Agree,5. Strongly Agree,5. Strongly Agree,5. Strongly Agree,5. Strongly Agree,5. Strongly Agree,5. Strongly Agree,5. Strongly Agree,5. Strongly Agree
58,04/06/2026 16:32:56,04/06/2026 16:40:59,anonymous,,,Std24,Student,Software engineering,Shop,4. Agree,5. Strongly Agree,2. Disagree ,4. Agree,4. Agree,3. Neutral,5. Strongly Agree,1. Strongly Disagree ,5. Strongly Agree,5. Strongly Agree,5. Strongly Agree,5. Strongly Agree,5. Strongly Agree,5. Strongly Agree,5. Strongly Agree
59,04/06/2026 16:35:27,04/06/2026 16:42:01,anonymous,,,STD25,Student,Civ Ai ,Shop,4. Agree,3. Neutral,3. Neutral,2. Disagree ,5. Strongly Agree,4. Agree,4. Agree,1. Strongly Disagree ,2. Disagree ,5. Strongly Agree,3. Neutral,2. Disagree ,3. Neutral,3. Neutral,3. Neutral
61,04/06/2026 16:42:19,04/06/2026 16:44:23,anonymous,,,Std25,Student,Civ Ai ,Ecommerce,5. Strongly Agree,5. Strongly Agree,5. Strongly Agree,5. Strongly Agree,1. Strongly Disagree ,4. Agree,5. Strongly Agree,5. Strongly Agree,5. Strongly Agree,5. Strongly Agree,5. Strongly Agree,1. Strongly Disagree ,4. Agree,5. Strongly Agree,5. Strongly Agree
62,04/06/2026 16:45:22,04/06/2026 16:47:51,anonymous,,,Std24,Student,Software engineering,Ecommerce,5. Strongly Agree,5. Strongly Agree,5. Strongly Agree,5. Strongly Agree,5. Strongly Agree,3. Neutral,5. Strongly Agree,5. Strongly Agree,5. Strongly Agree,5. Strongly Agree,2. Disagree ,5. Strongly Agree,5. Strongly Agree,5. Strongly Agree,5. Strongly Agree
63,04/06/2026 17:11:10,04/06/2026 17:19:31,anonymous,,,STD26,Student,Software Engineering ,Shop,5. Strongly Agree,4. Agree,3. Neutral,3. Neutral,3. Neutral,1. Strongly Disagree ,4. Agree,1. Strongly Disagree ,3. Neutral,5. Strongly Agree,3. Neutral,2. Disagree ,2. Disagree ,2. Disagree ,2. Disagree 
64,04/06/2026 17:19:42,04/06/2026 17:23:40,anonymous,,,STD26,Student,Software Engineering,Ecommerce,5. Strongly Agree,4. Agree,5. Strongly Agree,4. Agree,4. Agree,4. Agree,4. Agree,5. Strongly Agree,5. Strongly Agree,4. Agree,3. Neutral,3. Neutral,5. Strongly Agree,5. Strongly Agree,4. Agree
65,04/06/2026 17:30:40,04/06/2026 17:34:03,anonymous,,,Std 27,Student,Teknisk basår,Shop,1. Strongly Disagree ,3. Neutral,3. Neutral,3. Neutral,4. Agree,3. Neutral,1. Strongly Disagree ,3. Neutral,1. Strongly Disagree ,3. Neutral,3. Neutral,1. Strongly Disagree ,4. Agree,4. Agree,3. Neutral
66,04/06/2026 17:31:01,04/06/2026 17:34:17,anonymous,,,STD28,Bleking teknsika högksola,Gymnaiet,Shop,4. Agree,3. Neutral,4. Agree,4. Agree,4. Agree,3. Neutral,3. Neutral,4. Agree,3. Neutral,4. Agree,3. Neutral,3. Neutral,4. Agree,3. Neutral,4. Agree
67,04/06/2026 17:39:43,04/06/2026 17:40:44,anonymous,,,STD28,Blekinge tekniska högskola ,Gymnasiet,Ecommerce,3. Neutral,4. Agree,3. Neutral,4. Agree,4. Agree,4. Agree,3. Neutral,3. Neutral,4. Agree,3. Neutral,4. Agree,4. Agree,3. Neutral,4. Agree,4. Agree
68,04/06/2026 17:43:18,04/06/2026 17:49:32,anonymous,,,Std29,Student,Industriell ekonomi och management ,Shop,2. Disagree ,4. Agree,2. Disagree ,5. Strongly Agree,2. Disagree ,3. Neutral,4. Agree,1. Strongly Disagree ,2. Disagree ,5. Strongly Agree,4. Agree,3. Neutral,4. Agree,4. Agree,5. Strongly Agree
69,04/06/2026 17:49:40,04/06/2026 17:53:17,anonymous,,,Std29,Student,Industriell ekonomi och management ,Ecommerce,5. Strongly Agree,5. Strongly Agree,4. Agree,5. Strongly Agree,5. Strongly Agree,3. Neutral,4. Agree,5. Strongly Agree,4. Agree,4. Agree,3. Neutral,4. Agree,4. Agree,4. Agree,3. Neutral
70,04/06/2026 17:54:28,04/06/2026 17:55:27,anonymous,,,Std 27,Student,Teknisk basår,Ecommerce,3. Neutral,1. Strongly Disagree ,4. Agree,4. Agree,1. Strongly Disagree ,3. Neutral,3. Neutral,4. Agree,1. Strongly Disagree ,3. Neutral,1. Strongly Disagree ,4. Agree,4. Agree,1. Strongly Disagree ,3. Neutral
71,04/06/2026 17:58:22,04/06/2026 18:03:39,anonymous,,,STD31,Student,Student,Shop,2. Disagree ,4. Agree,4. Agree,5. Strongly Agree,5. Strongly Agree,2. Disagree ,4. Agree,2. Disagree ,3. Neutral,5. Strongly Agree,5. Strongly Agree,5. Strongly Agree,5. Strongly Agree,5. Strongly Agree,4. Agree
72,04/06/2026 17:58:23,04/06/2026 18:03:43,anonymous,,,Std 30,Student,Civ ai,Shop,4. Agree,4. Agree,4. Agree,4. Agree,4. Agree,3. Neutral,4. Agree,2. Disagree ,4. Agree,4. Agree,3. Neutral,3. Neutral,4. Agree,4. Agree,3. Neutral
73,04/06/2026 18:03:53,04/06/2026 18:06:38,anonymous,,,Std 30,Student ,Civ ai,Ecommerce,4. Agree,4. Agree,4. Agree,4. Agree,4. Agree,5. Strongly Agree,4. Agree,4. Agree,4. Agree,4. Agree,4. Agree,4. Agree,4. Agree,4. Agree,4. Agree
74,04/06/2026 18:04:02,04/06/2026 18:06:48,anonymous,,,STD31,Student,Student,Ecommerce,5. Strongly Agree,5. Strongly Agree,5. Strongly Agree,5. Strongly Agree,5. Strongly Agree,5. Strongly Agree,5. Strongly Agree,5. Strongly Agree,4. Agree,5. Strongly Agree,4. Agree,3. Neutral,5. Strongly Agree,5. Strongly Agree,5. Strongly Agree
75,04/06/2026 19:01:17,04/06/2026 19:08:34,anonymous,,,STD32,Software Engineer ,Bachelor's in Systems Engineering ,Shop,4. Agree,2. Disagree ,3. Neutral,4. Agree,5. Strongly Agree,5. Strongly Agree,1. Strongly Disagree ,1. Strongly Disagree ,1. Strongly Disagree ,4. Agree,1. Strongly Disagree ,1. Strongly Disagree ,5. Strongly Agree,5. Strongly Agree,2. Disagree 
76,04/06/2026 19:08:44,04/06/2026 19:13:40,anonymous,,,STD32,Software Engineer,Bachelor's in Systems Engineering ,Ecommerce,5. Strongly Agree,3. Neutral,4. Agree,5. Strongly Agree,1. Strongly Disagree ,5. Strongly Agree,5. Strongly Agree,5. Strongly Agree,4. Agree,5. Strongly Agree,4. Agree,3. Neutral,5. Strongly Agree,5. Strongly Agree,4. Agree
77,04/07/2026 08:23:10,04/07/2026 08:30:06,anonymous,,,Std33,Student,AI,Shop,1. Strongly Disagree ,5. Strongly Agree,4. Agree,2. Disagree ,1. Strongly Disagree ,2. Disagree ,4. Agree,2. Disagree ,3. Neutral,3. Neutral,2. Disagree ,4. Agree,4. Agree,4. Agree,3. Neutral
78,04/07/2026 08:30:29,04/07/2026 08:36:52,anonymous,,,Std33,Student,Ai,Ecommerce,3. Neutral,5. Strongly Agree,3. Neutral,4. Agree,3. Neutral,4. Agree,5. Strongly Agree,5. Strongly Agree,3. Neutral,4. Agree,2. Disagree ,3. Neutral,3. Neutral,3. Neutral,3. Neutral
79,04/07/2026 08:39:50,04/07/2026 08:46:26,anonymous,,,std34,student,AI,Shop,3. Neutral,5. Strongly Agree,3. Neutral,5. Strongly Agree,5. Strongly Agree,5. Strongly Agree,5. Strongly Agree,1. Strongly Disagree ,3. Neutral,5. Strongly Agree,5. Strongly Agree,4. Agree,4. Agree,3. Neutral,4. Agree
80,04/07/2026 08:46:51,04/07/2026 08:48:56,anonymous,,,std34,student,ai,Ecommerce,5. Strongly Agree,5. Strongly Agree,5. Strongly Agree,5. Strongly Agree,5. Strongly Agree,5. Strongly Agree,5. Strongly Agree,5. Strongly Agree,5. Strongly Agree,5. Strongly Agree,5. Strongly Agree,3. Neutral,5. Strongly Agree,5. Strongly Agree,5. Strongly Agree
81,04/07/2026 10:36:18,04/07/2026 10:48:50,anonymous,,,Std35,,Software engineering Student ,Shop,2. Disagree ,1. Strongly Disagree ,2. Disagree ,2. Disagree ,5. Strongly Agree,2. Disagree ,4. Agree,1. Strongly Disagree ,1. Strongly Disagree ,4. Agree,4. Agree,3. Neutral,4. Agree,4. Agree,2. Disagree 
82,04/07/2026 10:49:09,04/07/2026 10:55:39,anonymous,,,Std35,,Software engineering Student ,Ecommerce,5. Strongly Agree,2. Disagree ,5. Strongly Agree,3. Neutral,1. Strongly Disagree ,4. Agree,4. Agree,5. Strongly Agree,4. Agree,4. Agree,4. Agree,5. Strongly Agree,5. Strongly Agree,5. Strongly Agree,4. Agree
83,04/07/2026 10:56:31,04/07/2026 11:05:57,anonymous,,,Std36,Student,Software,Shop,3. Neutral,3. Neutral,5. Strongly Agree,4. Agree,5. Strongly Agree,2. Disagree ,3. Neutral,1. Strongly Disagree ,1. Strongly Disagree ,5. Strongly Agree,1. Strongly Disagree ,3. Neutral,5. Strongly Agree,3. Neutral,1. Strongly Disagree 
84,04/07/2026 11:06:35,04/07/2026 11:13:34,anonymous,,,Std36,Student ,Software,Ecommerce,3. Neutral,1. Strongly Disagree ,5. Strongly Agree,1. Strongly Disagree ,1. Strongly Disagree ,5. Strongly Agree,5. Strongly Agree,5. Strongly Agree,3. Neutral,5. Strongly Agree,5. Strongly Agree,5. Strongly Agree,5. Strongly Agree,5. Strongly Agree,3. Neutral
85,04/07/2026 11:14:14,04/07/2026 11:22:52,anonymous,,,std37,Student,Software,Shop,3. Neutral,5. Strongly Agree,4. Agree,4. Agree,5. Strongly Agree,3. Neutral,5. Strongly Agree,1. Strongly Disagree ,3. Neutral,4. Agree,4. Agree,5. Strongly Agree,5. Strongly Agree,4. Agree,4. Agree
86,04/07/2026 11:23:09,04/07/2026 11:28:23,anonymous,,,std37,Student,Software,Ecommerce,5. Strongly Agree,5. Strongly Agree,5. Strongly Agree,5. Strongly Agree,5. Strongly Agree,5. Strongly Agree,5. Strongly Agree,5. Strongly Agree,5. Strongly Agree,5. Strongly Agree,4. Agree,2. Disagree ,5. Strongly Agree,5. Strongly Agree,5. Strongly Agree
87,04/07/2026 11:29:42,04/07/2026 11:39:32,anonymous,,,STD38,Student,Software,Shop,2. Disagree ,2. Disagree ,2. Disagree ,2. Disagree ,2. Disagree ,1. Strongly Disagree ,3. Neutral,1. Strongly Disagree ,1. Strongly Disagree ,5. Strongly Agree,3. Neutral,2. Disagree ,5. Strongly Agree,5. Strongly Agree,2. Disagree 
88,04/07/2026 11:39:46,04/07/2026 11:43:48,anonymous,,,STD38,Student,Software,Ecommerce,4. Agree,5. Strongly Agree,5. Strongly Agree,4. Agree,1. Strongly Disagree ,5. Strongly Agree,3. Neutral,5. Strongly Agree,5. Strongly Agree,5. Strongly Agree,5. Strongly Agree,5. Strongly Agree,5. Strongly Agree,5. Strongly Agree,5. Strongly Agree
94,04/07/2026 12:40:12,04/07/2026 12:44:07,anonymous,,,Std41,Student,Bsc in SE,Shop,2. Disagree ,4. Agree,3. Neutral,5. Strongly Agree,3. Neutral,3. Neutral,4. Agree,5. Strongly Agree,5. Strongly Agree,4. Agree,5. Strongly Agree,2. Disagree ,4. Agree,3. Neutral,2. Disagree 
95,04/07/2026 12:44:29,04/07/2026 12:46:58,anonymous,,,Std41 ,Student,Bsc in SE,Ecommerce,5. Strongly Agree,5. Strongly Agree,5. Strongly Agree,4. Agree,2. Disagree ,5. Strongly Agree,5. Strongly Agree,3. Neutral,5. Strongly Agree,4. Agree,4. Agree,3. Neutral,5. Strongly Agree,4. Agree,5. Strongly Agree
98,04/07/2026 12:53:12,04/07/2026 12:58:23,anonymous,,,Std43,Student,Webbprograming,Shop,2. Disagree ,2. Disagree ,1. Strongly Disagree ,1. Strongly Disagree ,5. Strongly Agree,1. Strongly Disagree ,4. Agree,1. Strongly Disagree ,3. Neutral,5. Strongly Agree,4. Agree,3. Neutral,2. Disagree ,3. Neutral,3. Neutral
99,04/07/2026 12:58:28,04/07/2026 13:01:39,anonymous,,,Std43,Student ,Web programming ,Ecommerce,4. Agree,2. Disagree ,5. Strongly Agree,2. Disagree ,4. Agree,4. Agree,5. Strongly Agree,5. Strongly Agree,4. Agree,5. Strongly Agree,4. Agree,5. Strongly Agree,5. Strongly Agree,5. Strongly Agree,5. Strongly Agree
100,04/07/2026 15:34:01,04/07/2026 15:43:34,anonymous,,,std46,Student,Msc AI and machine learning ,Shop,3. Neutral,5. Strongly Agree,5. Strongly Agree,4. Agree,5. Strongly Agree,5. Strongly Agree,4. Agree,1. Strongly Disagree ,4. Agree,5. Strongly Agree,4. Agree,5. Strongly Agree,3. Neutral,4. Agree,3. Neutral
101,04/07/2026 15:34:11,04/07/2026 15:43:40,anonymous,,,Std44,Employed,Master in Ai,Shop,3. Neutral,3. Neutral,3. Neutral,2. Disagree ,5. Strongly Agree,1. Strongly Disagree ,3. Neutral,2. Disagree ,3. Neutral,4. Agree,2. Disagree ,1. Strongly Disagree ,3. Neutral,2. Disagree ,3. Neutral
102,04/07/2026 15:33:55,04/07/2026 15:43:58,anonymous,,,Std 45,Student ,Master of Science in Engineering : computer Security ,Shop,3. Neutral,5. Strongly Agree,5. Strongly Agree,4. Agree,5. Strongly Agree,5. Strongly Agree,4. Agree,2. Disagree ,4. Agree,5. Strongly Agree,4. Agree,3. Neutral,5. Strongly Agree,4. Agree,3. Neutral
104,04/07/2026 15:34:25,04/07/2026 15:47:23,anonymous,,,Std48,Student,Ai,Shop,3. Neutral,3. Neutral,3. Neutral,4. Agree,3. Neutral,3. Neutral,3. Neutral,3. Neutral,3. Neutral,3. Neutral,2. Disagree ,2. Disagree ,3. Neutral,3. Neutral,3. Neutral
105,04/07/2026 15:43:54,04/07/2026 15:48:27,anonymous,,,Std44,Employed ,Master in ai,Ecommerce,3. Neutral,2. Disagree ,3. Neutral,2. Disagree ,1. Strongly Disagree ,3. Neutral,2. Disagree ,3. Neutral,3. Neutral,5. Strongly Agree,3. Neutral,3. Neutral,5. Strongly Agree,5. Strongly Agree,4. Agree
106,04/07/2026 15:44:05,04/07/2026 15:50:09,anonymous,,,Std45,Student ,Master of science in Engineering : computer security ,Ecommerce,3. Neutral,4. Agree,4. Agree,5. Strongly Agree,4. Agree,3. Neutral,5. Strongly Agree,2. Disagree ,3. Neutral,5. Strongly Agree,4. Agree,4. Agree,5. Strongly Agree,5. Strongly Agree,2. Disagree 
107,04/07/2026 15:43:38,04/07/2026 15:50:21,anonymous,,,std46,Student,Msc AI and Machinelearning,Ecommerce,5. Strongly Agree,5. Strongly Agree,2. Disagree ,5. Strongly Agree,4. Agree,3. Neutral,5. Strongly Agree,5. Strongly Agree,4. Agree,5. Strongly Agree,5. Strongly Agree,5. Strongly Agree,5. Strongly Agree,5. Strongly Agree,3. Neutral
108,04/07/2026 15:47:35,04/07/2026 15:52:29,anonymous,,,Std48,Student,AI,Ecommerce,4. Agree,4. Agree,4. Agree,1. Strongly Disagree ,1. Strongly Disagree ,3. Neutral,3. Neutral,3. Neutral,3. Neutral,3. Neutral,3. Neutral,3. Neutral,3. Neutral,3. Neutral,2. Disagree 
113,04/07/2026 16:05:16,04/07/2026 16:11:48,anonymous,,,STD51,Student,Gymnasium,Shop,2. Disagree ,3. Neutral,3. Neutral,1. Strongly Disagree ,1. Strongly Disagree ,1. Strongly Disagree ,5. Strongly Agree,1. Strongly Disagree ,2. Disagree ,2. Disagree ,2. Disagree ,2. Disagree ,1. Strongly Disagree ,2. Disagree ,1. Strongly Disagree 
114,04/07/2026 16:12:04,04/07/2026 16:14:55,anonymous,,,STD51,Student ,Gymnasium ,Ecommerce,4. Agree,5. Strongly Agree,4. Agree,4. Agree,5. Strongly Agree,4. Agree,5. Strongly Agree,4. Agree,4. Agree,4. Agree,2. Disagree ,1. Strongly Disagree ,5. Strongly Agree,5. Strongly Agree,4. Agree
115,04/07/2026 16:17:42,04/07/2026 16:25:34,anonymous,,,Std 53,Student,Software engineering,Shop,1. Strongly Disagree ,2. Disagree ,1. Strongly Disagree ,3. Neutral,1. Strongly Disagree ,2. Disagree ,3. Neutral,1. Strongly Disagree ,1. Strongly Disagree ,1. Strongly Disagree ,2. Disagree ,1. Strongly Disagree ,2. Disagree ,2. Disagree ,1. Strongly Disagree 
116,04/07/2026 16:17:39,04/07/2026 16:25:36,anonymous,,,Std52,Student,Software engineer,Shop,2. Disagree ,3. Neutral,1. Strongly Disagree ,3. Neutral,1. Strongly Disagree ,1. Strongly Disagree ,3. Neutral,1. Strongly Disagree ,2. Disagree ,2. Disagree ,3. Neutral,1. Strongly Disagree ,1. Strongly Disagree ,3. Neutral,1. Strongly Disagree 
117,04/07/2026 16:17:33,04/07/2026 16:25:56,anonymous,,,STD54,Student,Software Engineering,Shop,1. Strongly Disagree ,2. Disagree ,2. Disagree ,3. Neutral,1. Strongly Disagree ,1. Strongly Disagree ,3. Neutral,1. Strongly Disagree ,2. Disagree ,2. Disagree ,3. Neutral,1. Strongly Disagree ,2. Disagree ,3. Neutral,1. Strongly Disagree 
118,04/07/2026 16:25:43,04/07/2026 16:31:14,anonymous,,,Std53,Student,Software engineering,Ecommerce,4. Agree,4. Agree,4. Agree,2. Disagree ,4. Agree,4. Agree,3. Neutral,4. Agree,3. Neutral,4. Agree,2. Disagree ,4. Agree,4. Agree,4. Agree,3. Neutral
119,04/07/2026 16:25:44,04/07/2026 16:32:51,anonymous,,,Std52,Student,Software engineering ,Ecommerce,4. Agree,5. Strongly Agree,4. Agree,3. Neutral,1. Strongly Disagree ,5. Strongly Agree,5. Strongly Agree,5. Strongly Agree,5. Strongly Agree,5. Strongly Agree,3. Neutral,5. Strongly Agree,5. Strongly Agree,5. Strongly Agree,4. Agree
120,04/07/2026 16:25:58,04/07/2026 16:32:55,anonymous,,,STD54,Student,Software Engineering,Ecommerce,4. Agree,4. Agree,4. Agree,3. Neutral,1. Strongly Disagree ,5. Strongly Agree,4. Agree,5. Strongly Agree,4. Agree,5. Strongly Agree,4. Agree,4. Agree,5. Strongly Agree,5. Strongly Agree,1. Strongly Disagree 
121,04/07/2026 16:33:26,04/07/2026 16:36:50,anonymous,,,STD 56,Student ,Software engineer ,Shop,1. Strongly Disagree ,1. Strongly Disagree ,1. Strongly Disagree ,1. Strongly Disagree ,1. Strongly Disagree ,1. Strongly Disagree ,1. Strongly Disagree ,1. Strongly Disagree ,1. Strongly Disagree ,1. Strongly Disagree ,1. Strongly Disagree ,1. Strongly Disagree ,1. Strongly Disagree ,1. Strongly Disagree ,1. Strongly Disagree 
122,04/07/2026 16:33:13,04/07/2026 16:42:44,anonymous,,,STD 55,,Software engineering ,Shop,1. Strongly Disagree ,5. Strongly Agree,2. Disagree ,3. Neutral,4. Agree,2. Disagree ,4. Agree,2. Disagree ,4. Agree,4. Agree,4. Agree,4. Agree,4. Agree,2. Disagree ,2. Disagree 
123,04/07/2026 16:33:14,04/07/2026 16:42:44,anonymous,,,STD57,Student,Software Enginner,Shop,1. Strongly Disagree ,5. Strongly Agree,2. Disagree ,3. Neutral,4. Agree,2. Disagree ,4. Agree,2. Disagree ,4. Agree,4. Agree,4. Agree,3. Neutral,4. Agree,4. Agree,2. Disagree 
124,04/07/2026 16:36:59,04/07/2026 16:43:38,anonymous,,,STD 56,Student ,Software engineer ,Ecommerce,4. Agree,4. Agree,5. Strongly Agree,4. Agree,3. Neutral,4. Agree,5. Strongly Agree,4. Agree,3. Neutral,5. Strongly Agree,4. Agree,3. Neutral,4. Agree,4. Agree,4. Agree
125,04/07/2026 16:43:09,04/07/2026 16:47:21,anonymous,,,Std 55,,Software engineer ,Ecommerce,4. Agree,4. Agree,5. Strongly Agree,2. Disagree ,1. Strongly Disagree ,1. Strongly Disagree ,3. Neutral,1. Strongly Disagree ,4. Agree,5. Strongly Agree,5. Strongly Agree,4. Agree,4. Agree,3. Neutral,3. Neutral
126,04/07/2026 16:44:26,04/07/2026 16:48:41,anonymous,,,STD 57,Student,Software Engineer ,Ecommerce,5. Strongly Agree,4. Agree,5. Strongly Agree,2. Disagree ,1. Strongly Disagree ,3. Neutral,4. Agree,4. Agree,4. Agree,4. Agree,2. Disagree ,2. Disagree ,4. Agree,5. Strongly Agree,3. Neutral
127,04/07/2026 16:47:26,04/07/2026 16:53:00,anonymous,,,Std58,Student,Software Engineering,Shop,1. Strongly Disagree ,1. Strongly Disagree ,1. Strongly Disagree ,1. Strongly Disagree ,1. Strongly Disagree ,1. Strongly Disagree ,1. Strongly Disagree ,1. Strongly Disagree ,1. Strongly Disagree ,1. Strongly Disagree ,1. Strongly Disagree ,1. Strongly Disagree ,1. Strongly Disagree ,1. Strongly Disagree ,1. Strongly Disagree 
128,04/07/2026 16:50:43,04/07/2026 16:58:57,anonymous,,,Std60,Software,Uni,Shop,1. Strongly Disagree ,4. Agree,3. Neutral,2. Disagree ,1. Strongly Disagree ,3. Neutral,3. Neutral,1. Strongly Disagree ,4. Agree,1. Strongly Disagree ,4. Agree,2. Disagree ,2. Disagree ,4. Agree,2. Disagree 
129,04/07/2026 16:50:25,04/07/2026 16:59:36,anonymous,,,Std59,Se,Se,Shop,1. Strongly Disagree ,1. Strongly Disagree ,1. Strongly Disagree ,1. Strongly Disagree ,1. Strongly Disagree ,1. Strongly Disagree ,3. Neutral,1. Strongly Disagree ,1. Strongly Disagree ,1. Strongly Disagree ,4. Agree,4. Agree,3. Neutral,4. Agree,1. Strongly Disagree 
130,04/07/2026 16:53:25,04/07/2026 17:05:10,anonymous,,,Std58,Student ,Software Engineering,Ecommerce,1. Strongly Disagree ,4. Agree,5. Strongly Agree,4. Agree,5. Strongly Agree,5. Strongly Agree,5. Strongly Agree,4. Agree,4. Agree,5. Strongly Agree,4. Agree,5. Strongly Agree,5. Strongly Agree,5. Strongly Agree,5. Strongly Agree
131,04/07/2026 17:00:31,04/07/2026 17:05:13,anonymous,,,Std60,Software,Uni,Ecommerce,4. Agree,5. Strongly Agree,4. Agree,3. Neutral,5. Strongly Agree,2. Disagree ,5. Strongly Agree,5. Strongly Agree,5. Strongly Agree,5. Strongly Agree,5. Strongly Agree,5. Strongly Agree,4. Agree,5. Strongly Agree,5. Strongly Agree
132,04/07/2026 17:00:39,04/07/2026 17:05:48,anonymous,,,Std59,Se,Se,Ecommerce,3. Neutral,3. Neutral,2. Disagree ,3. Neutral,5. Strongly Agree,1. Strongly Disagree ,4. Agree,4. Agree,3. Neutral,1. Strongly Disagree ,4. Agree,4. Agree,3. Neutral,1. Strongly Disagree ,3. Neutral
133,04/07/2026 17:07:54,04/07/2026 17:15:19,anonymous,,,Std 61,Student-worker,Softwate,Shop,1. Strongly Disagree ,1. Strongly Disagree ,2. Disagree ,1. Strongly Disagree ,3. Neutral,1. Strongly Disagree ,2. Disagree ,1. Strongly Disagree ,1. Strongly Disagree ,4. Agree,3. Neutral,1. Strongly Disagree ,2. Disagree ,1. Strongly Disagree ,2. Disagree 
135,04/07/2026 17:15:31,04/07/2026 17:18:20,anonymous,,,Std 61,Student-worker,Software,Ecommerce,3. Neutral,3. Neutral,4. Agree,3. Neutral,4. Agree,4. Agree,3. Neutral,4. Agree,4. Agree,3. Neutral,3. Neutral,4. Agree,4. Agree,4. Agree,3. Neutral
136,04/07/2026 17:20:59,04/07/2026 17:31:37,anonymous,,,Std67,Student,Msc industrial engineering ,Shop,2. Disagree ,4. Agree,2. Disagree ,1. Strongly Disagree ,1. Strongly Disagree ,1. Strongly Disagree ,4. Agree,1. Strongly Disagree ,3. Neutral,4. Agree,3. Neutral,2. Disagree ,2. Disagree ,2. Disagree ,2. Disagree 
137,04/07/2026 17:21:10,04/07/2026 17:31:38,anonymous,,,Std63,Student,M.sc. in industrial economy,Shop,2. Disagree ,4. Agree,2. Disagree ,1. Strongly Disagree ,1. Strongly Disagree ,1. Strongly Disagree ,4. Agree,1. Strongly Disagree ,2. Disagree ,4. Agree,4. Agree,2. Disagree ,3. Neutral,2. Disagree ,2. Disagree 
138,04/07/2026 17:21:08,04/07/2026 17:31:38,anonymous,,,STD65,Student,Industrial engineering,Shop,2. Disagree ,5. Strongly Agree,2. Disagree ,3. Neutral,2. Disagree ,2. Disagree ,5. Strongly Agree,1. Strongly Disagree ,2. Disagree ,5. Strongly Agree,4. Agree,2. Disagree ,4. Agree,4. Agree,3. Neutral
139,04/07/2026 17:21:08,04/07/2026 17:31:39,anonymous,,,Std66,Student,Industrial Engeenring,Shop,2. Disagree ,4. Agree,2. Disagree ,1. Strongly Disagree ,1. Strongly Disagree ,1. Strongly Disagree ,4. Agree,1. Strongly Disagree ,1. Strongly Disagree ,5. Strongly Agree,3. Neutral,2. Disagree ,3. Neutral,3. Neutral,2. Disagree 
140,04/07/2026 17:31:45,04/07/2026 17:34:41,anonymous,,,Std67,Student,Industrial engineering,Ecommerce,4. Agree,4. Agree,5. Strongly Agree,5. Strongly Agree,5. Strongly Agree,5. Strongly Agree,4. Agree,5. Strongly Agree,4. Agree,4. Agree,3. Neutral,2. Disagree ,5. Strongly Agree,5. Strongly Agree,4. Agree
141,04/07/2026 17:31:46,04/07/2026 17:34:42,anonymous,,,Std66,Student,Industrial Engineering,Ecommerce,4. Agree,4. Agree,5. Strongly Agree,5. Strongly Agree,5. Strongly Agree,4. Agree,5. Strongly Agree,5. Strongly Agree,5. Strongly Agree,4. Agree,3. Neutral,4. Agree,5. Strongly Agree,5. Strongly Agree,4. Agree
142,04/07/2026 17:31:45,04/07/2026 17:34:43,anonymous,,,Std63,Student ,M.sc in industrial economies,Ecommerce,4. Agree,4. Agree,5. Strongly Agree,5. Strongly Agree,5. Strongly Agree,5. Strongly Agree,5. Strongly Agree,5. Strongly Agree,4. Agree,5. Strongly Agree,3. Neutral,4. Agree,5. Strongly Agree,5. Strongly Agree,5. Strongly Agree
143,04/07/2026 17:31:44,04/07/2026 17:34:58,anonymous,,,STD65,Student,Industrial engineering,Ecommerce,5. Strongly Agree,4. Agree,5. Strongly Agree,5. Strongly Agree,5. Strongly Agree,5. Strongly Agree,5. Strongly Agree,5. Strongly Agree,5. Strongly Agree,4. Agree,3. Neutral,2. Disagree ,5. Strongly Agree,5. Strongly Agree,5. Strongly Agree
144,04/07/2026 17:36:25,04/07/2026 17:43:33,anonymous,,,Std68,Student ,Technical year,Shop,4. Agree,4. Agree,4. Agree,5. Strongly Agree,4. Agree,3. Neutral,4. Agree,2. Disagree ,5. Strongly Agree,5. Strongly Agree,5. Strongly Agree,5. Strongly Agree,5. Strongly Agree,5. Strongly Agree,5. Strongly Agree
145,04/07/2026 17:36:26,04/07/2026 17:43:36,anonymous,,,Std 70,Student,First year student marine engineering ,Shop,3. Neutral,2. Disagree ,4. Agree,4. Agree,3. Neutral,1. Strongly Disagree ,5. Strongly Agree,2. Disagree ,5. Strongly Agree,5. Strongly Agree,5. Strongly Agree,5. Strongly Agree,4. Agree,4. Agree,4. Agree
146,04/07/2026 17:36:29,04/07/2026 17:43:36,anonymous,,,STD69,Student,Technical base year,Shop,1. Strongly Disagree ,2. Disagree ,4. Agree,4. Agree,2. Disagree ,1. Strongly Disagree ,5. Strongly Agree,2. Disagree ,5. Strongly Agree,5. Strongly Agree,5. Strongly Agree,5. Strongly Agree,5. Strongly Agree,5. Strongly Agree,4. Agree
147,04/07/2026 17:43:52,04/07/2026 17:47:21,anonymous,,,Std68,Student ,Techical year ,Ecommerce,5. Strongly Agree,5. Strongly Agree,5. Strongly Agree,5. Strongly Agree,5. Strongly Agree,5. Strongly Agree,5. Strongly Agree,5. Strongly Agree,5. Strongly Agree,5. Strongly Agree,5. Strongly Agree,5. Strongly Agree,5. Strongly Agree,5. Strongly Agree,5. Strongly Agree
148,04/07/2026 17:43:51,04/07/2026 17:47:26,anonymous,,,STD69,Student,Technical base year,Ecommerce,5. Strongly Agree,4. Agree,5. Strongly Agree,5. Strongly Agree,5. Strongly Agree,5. Strongly Agree,5. Strongly Agree,5. Strongly Agree,5. Strongly Agree,5. Strongly Agree,5. Strongly Agree,5. Strongly Agree,5. Strongly Agree,5. Strongly Agree,5. Strongly Agree
149,04/07/2026 17:44:12,04/07/2026 17:47:40,anonymous,,,Std 70,Student ,First year of Marine engineering ,Ecommerce,5. Strongly Agree,5. Strongly Agree,5. Strongly Agree,5. Strongly Agree,5. Strongly Agree,5. Strongly Agree,5. Strongly Agree,5. Strongly Agree,5. Strongly Agree,5. Strongly Agree,4. Agree,5. Strongly Agree,5. Strongly Agree,5. Strongly Agree,5. Strongly Agree
152,04/07/2026 17:49:14,04/07/2026 17:55:09,anonymous,,,Std72,Student,Marin technology ,Shop,4. Agree,3. Neutral,4. Agree,4. Agree,4. Agree,3. Neutral,5. Strongly Agree,1. Strongly Disagree ,2. Disagree ,4. Agree,5. Strongly Agree,2. Disagree ,4. Agree,4. Agree,3. Neutral
153,04/07/2026 17:49:25,04/07/2026 17:55:25,anonymous,,,std75,Student,Maskinteknik,Shop,3. Neutral,4. Agree,4. Agree,3. Neutral,5. Strongly Agree,4. Agree,4. Agree,5. Strongly Agree,5. Strongly Agree,5. Strongly Agree,4. Agree,4. Agree,4. Agree,4. Agree,4. Agree
154,04/07/2026 17:49:21,04/07/2026 17:55:33,anonymous,,,std71,Student ,Andra året maskinteknik ,Shop,2. Disagree ,4. Agree,2. Disagree ,2. Disagree ,2. Disagree ,2. Disagree ,5. Strongly Agree,1. Strongly Disagree ,2. Disagree ,3. Neutral,2. Disagree ,1. Strongly Disagree ,2. Disagree ,3. Neutral,2. Disagree 
157,04/07/2026 17:55:31,04/07/2026 17:58:48,anonymous,,,std75,Student,Maskinteknik,Ecommerce,5. Strongly Agree,4. Agree,5. Strongly Agree,4. Agree,5. Strongly Agree,4. Agree,5. Strongly Agree,5. Strongly Agree,5. Strongly Agree,5. Strongly Agree,5. Strongly Agree,3. Neutral,5. Strongly Agree,4. Agree,5. Strongly Agree
158,04/07/2026 17:55:29,04/07/2026 17:58:57,anonymous,,,Std72 ,Student ,Marine technology ,Ecommerce,5. Strongly Agree,5. Strongly Agree,4. Agree,4. Agree,4. Agree,5. Strongly Agree,4. Agree,5. Strongly Agree,4. Agree,5. Strongly Agree,5. Strongly Agree,5. Strongly Agree,4. Agree,4. Agree,4. Agree
159,04/07/2026 17:55:36,04/07/2026 17:59:03,anonymous,,,std71,Student ,andra året maskinteknik ,Ecommerce,4. Agree,4. Agree,4. Agree,4. Agree,3. Neutral,5. Strongly Agree,4. Agree,5. Strongly Agree,4. Agree,4. Agree,4. Agree,2. Disagree ,5. Strongly Agree,5. Strongly Agree,3. Neutral
161,04/07/2026 18:01:24,04/07/2026 18:08:54,anonymous,,,Std78,Student,Sjukskötersk,Shop,4. Agree,4. Agree,4. Agree,4. Agree,4. Agree,4. Agree,4. Agree,4. Agree,4. Agree,4. Agree,4. Agree,4. Agree,4. Agree,4. Agree,4. Agree
163,04/07/2026 18:01:33,04/07/2026 18:10:37,anonymous,,,Std 81,student,nursing,Shop,3. Neutral,4. Agree,3. Neutral,5. Strongly Agree,4. Agree,2. Disagree ,2. Disagree ,2. Disagree ,3. Neutral,4. Agree,5. Strongly Agree,4. Agree,4. Agree,3. Neutral,4. Agree
167,04/07/2026 18:10:24,04/07/2026 18:13:03,anonymous,,,Std78,Student,Sjuksköterska ,Ecommerce,4. Agree,4. Agree,4. Agree,4. Agree,4. Agree,4. Agree,4. Agree,4. Agree,4. Agree,4. Agree,4. Agree,4. Agree,4. Agree,4. Agree,4. Agree
169,04/07/2026 18:12:22,04/07/2026 18:14:42,anonymous,,,std81,student,nursing,Ecommerce,5. Strongly Agree,4. Agree,5. Strongly Agree,5. Strongly Agree,5. Strongly Agree,5. Strongly Agree,5. Strongly Agree,5. Strongly Agree,5. Strongly Agree,4. Agree,5. Strongly Agree,5. Strongly Agree,5. Strongly Agree,5. Strongly Agree,5. Strongly Agree
175,04/07/2026 18:18:34,04/07/2026 18:28:21,anonymous,,,Std84,Student,Nursing,Shop,3. Neutral,2. Disagree ,3. Neutral,4. Agree,1. Strongly Disagree ,1. Strongly Disagree ,2. Disagree ,1. Strongly Disagree ,2. Disagree ,2. Disagree ,2. Disagree ,1. Strongly Disagree ,2. Disagree ,2. Disagree ,2. Disagree 
179,04/07/2026 18:31:34,04/07/2026 18:31:41,anonymous,,,Std84,Student ,Nutsing,Ecommerce,5. Strongly Agree,4. Agree,5. Strongly Agree,5. Strongly Agree,5. Strongly Agree,5. Strongly Agree,5. Strongly Agree,4. Agree,4. Agree,5. Strongly Agree,5. Strongly Agree,4. Agree,5. Strongly Agree,5. Strongly Agree,5. Strongly Agree
335,04/22/2026 17:00:31,04/22/2026 17:07:57,anonymous,,,std162,student ,software engineering ,Shop,2. Disagree ,2. Disagree ,1. Strongly Disagree ,2. Disagree ,4. Agree,1. Strongly Disagree ,4. Agree,2. Disagree ,1. Strongly Disagree ,2. Disagree ,3. Neutral,2. Disagree ,2. Disagree ,2. Disagree ,2. Disagree 
336,04/22/2026 17:08:00,04/22/2026 17:15:01,anonymous,,,std162,student ,software engineering ,Ecommerce,4. Agree,4. Agree,5. Strongly Agree,4. Agree,2. Disagree ,5. Strongly Agree,4. Agree,5. Strongly Agree,5. Strongly Agree,5. Strongly Agree,4. Agree,5. Strongly Agree,4. Agree,5. Strongly Agree,5. Strongly Agree
337,04/22/2026 17:46:06,04/22/2026 17:51:30,anonymous,,,Std163,Student ,Software engineering ,Shop,1. Strongly Disagree ,3. Neutral,2. Disagree ,1. Strongly Disagree ,5. Strongly Agree,1. Strongly Disagree ,4. Agree,1. Strongly Disagree ,1. Strongly Disagree ,1. Strongly Disagree ,3. Neutral,2. Disagree ,2. Disagree ,2. Disagree ,1. Strongly Disagree 
338,04/22/2026 17:51:41,04/22/2026 18:05:42,anonymous,,,Std163,Student ,Software engineering ,Ecommerce,5. Strongly Agree,4. Agree,5. Strongly Agree,4. Agree,1. Strongly Disagree ,4. Agree,4. Agree,5. Strongly Agree,5. Strongly Agree,4. Agree,4. Agree,4. Agree,4. Agree,4. Agree,4. Agree
339,04/23/2026 09:32:57,04/23/2026 09:41:47,anonymous,,,std164,Student,Software engineering,Shop,1. Strongly Disagree ,2. Disagree ,1. Strongly Disagree ,1. Strongly Disagree ,5. Strongly Agree,2. Disagree ,3. Neutral,1. Strongly Disagree ,1. Strongly Disagree ,2. Disagree ,3. Neutral,2. Disagree ,2. Disagree ,2. Disagree ,1. Strongly Disagree 
340,04/23/2026 09:41:50,04/23/2026 09:47:05,anonymous,,,std164,student,software engineering,Ecommerce,4. Agree,4. Agree,4. Agree,4. Agree,1. Strongly Disagree ,5. Strongly Agree,4. Agree,5. Strongly Agree,4. Agree,5. Strongly Agree,4. Agree,4. Agree,4. Agree,4. Agree,4. Agree
